,isHate,comment
0,0,Cars cars cars cars...
1,0,If they hide in the engine they would get killed.That is a stupid way they can smuggle into another country
2,0,Build that wall deport them all!
3,0,Jon Snow - The King in the north thank you for uploading this. I have one small complaint he is only talking about deporting illegal immigrants not immigrants in general. Your title might mislead the less informed.
4,0,Stopping illegal immigration should have been done 30-years ago before it turned my beloved Los Angeles turn into a filthy Mexican border town complete with Latino gangs millions of undocumented uneducated and poverty-stricken aliens with absolutely nothing to add to our quality of life but a strong back and a proclivity for having dozens of babies (all of which become LEGAL U.S. citizens due to our insane laws) and forcing California teachers to have to teach them in their own native language and for no additional increase in their already low wages. Add to that the free health care and welfare that hundreds of thousands of them are enjoying at American taxpayers' expense and you have the blueprint for disaster. That is why I left California for good and voted for Trump for good. Every time I see Mexican graffiti all over the once pristine neighborhoods of Los Angeles I want to help build the wall myself. But I fear it's far too late for that. There are now 20 million illegals in America and soon it will become The United States of Mexico.<br /><br />Now I'm seeing the exact same thing happen all over Western Europe from England to France to Germany and I will unfortunately live to see the exact same thing happen to them... the complete and utter destruction of what were once countries with their own borders their own culture and their own identities all sacrificed on the altar of uncontrolled globalism purposely created turmoil and economic disaster.
5,0,Only people to come in must be able to contribute to society. Not a drain on us. Must be able to support themselves with a trade. We do not need people living off the rest of us.
6,1,it bothers me when people say 'deportimg illegal immigrants will take all the workforce off the farms' . completley false after he deports the wetbacks then he will get rid of foodstamps and then the niggers will go back to working on the farm like they used to do
7,0,Whats the big deal Mexico has immigration laws and policies. They deport people all the time nothing is said or done yet when the United States chooses to enforce it's immigration laws and policies people become shocked and outraged
8,0,During war discrimination is a 'military necessity'! When Korematsus case reached the Supreme Court in October 1944 the attorneys for the government pointed to the constitutional war powers of Congress and the president. The government argued that the military must take all steps necessary to wage war successfully. In the view of President Roosevelt the War Department and General DeWitt the internment of all Japanese Issei and Nisei was a military necessity. and assuming we were at war with ISIS then rounding up ISIS would not be racist On December 18 1944 the Supreme Court decided 63 to uphold the conviction of Korematsu. The majority ruled only on his refusal to leave a prohibited military area and did not consider the constitutionality of the relocation camps. Justice Hugo Black writing for the majority fully accepted the views of General DeWitt. Justice Black also said that Korematsu had not been forced from his home because of his race but because of the military urgency of the situation. http://www.crf-usa.org/america-responds-to-terrorism/wartime-and-the-bill-of-rights.html http://www.crf-usa.org/america-responds-to-terrorism/wartime-and-the-bill-of-rights.html
9,0,I've been trying to figure out which common American voter is more uniformed Republican or Democrat for years. Democrats do any of you have the slightest clue that Obama has deported more Mexicans than any other President in history?
10,0,take your issues shine it up turn it sideways and stick it straight up your money asses
11,0,He knows what he's doing.. He has a good heart he only wants the criminal illegal out not hard working families it appears that he will make sure they start the process to become citizens and not take united states as a joke.
12,0,trump likes imigrants he DOES NOT like criminals take advantage of the u.s 'safe citys' were they can just keep being criminals and not get in trouble
13,0,I'm all for more migrants from already developed countries so we get civilized people. We don't anymore wild 3rd world migrants who burn down towns and cause crime and are low skilled eternally impoverished people. We can certainly help 3rd world countries with donations and charity but we don't need to import their societies here.
14,0,Nice title! I think you left out the word 'illegal'.
15,0,Poor sound quality
16,0,Translation: We're gonna deport the bad ones first then the good ones......later.
17,0,Its politic. some of things he said he wont do it.
18,0,I hate him
19,0,i dont hate trump anymore why because he fooled me and many others. how? senators would spend an arm probably both legs to get votes. trump on the other hand used social media (Fb Ig tw etc) and few million dollars and won. Now hearing him now made sense for me. he said what he had to say to win. who wouldnt agree to deport the illegals that are doing bad. im just glad he said the ones that have contribute to america would get chance to be legal. heck yeah. thanks trump. i aint mad at cha... anymore.
20,1,No Trump! We want you to deport ALL Illegal Immigrants! When I say ALL I mean ALL! Period!
21,0,Good job sweden. More plz
22,0,Good video!
23,1,Greeks do not want Muslims. Greeks have been fighting Islam for centuries. Greece I believe won't allow mosques to be built.
24,0,THIS WON'T LAST FOR LONG.
25,0,There's hope for Europe yet.
26,1,send these fucktards to canada our government accepts anybody regardles of theopinion of the working man who worked here all his life!!
27,0,they only looking for oil reserve not imigrant
28,0,ABOUT TIME is it not?
29,0,Excellent video. Thanks Anthony Brian
30,1,ISLAM is a cancer get rid of it Muhammad is a cross dressing pedophile.
31,0,I'm one of the people that will truly give this man a chance but everyone here must be careful about this policy. You can send all illegals back to where ever but just remember that black people will not be going back to your farms/plantations looking after your kids clean your houses falling in line with Jim Crow laws allowing are fellows men to be beaten shining your shoes and working for little or nothing. Slavery will not be making a come back. Last time white supremacy was fucking everything up you got the MLK attitude from black people. You can best believe that if he starts fucking up you will get the Malcolm X attitude this time 'By Any Means Necessary.'
32,0,I live in sweden and have felt big effects in the society and specielly in the schools.alot of the migrants in mu school have Been trying to get sexual contact with kind WHO are 6 years younger Its fucked up
33,0,Thank god! I agree... Hillary and Obama wanted to bring more of these people... just bc their rich ass have protection ....they don't have to live amongst them.
34,0,they want to live as normal ppls in their own motherland. but you western peoples bom their country to the stoneage. where else they want to go?
35,0,This is horrible. Absolutely horrible.
36,0,Thanks for sharing Anthony. Well done.. Why doesn't our media talk more about this? Does anyone really trust our media? I don't LOL
37,1,Islam is not feminist nor is it a religion its a cult based on violence and terrorism apon others.
38,1,muslims are parasites and vermin they need to be exterminated
39,0,this is so good to hear an american say this alot of you lot dont get this situation ...a big fat thank you my friend
40,1,very good a beautiful ghift : swedish take back your Sweden she belongs to you dear friends. Refugees out from Europe
41,0,good for you SWEDEN about fucking time!!!
42,0,Poor old man! What did he do to deserve this? Whoever votes to take them in should lead by example and take them home.
43,0,where are the mafiosos? Im sure they would love to use the jungle apes as targets!
44,1,Looks like the nazi's before. This is an invasion and the autority's r collaborrating. I woold blow up the place with everyone in. If i'd been brought down like this I woold take anyone with me
45,0,This makes my blood boil
46,1,He should send a bill to the police department. For the cost of damages . you know they shit on floor. and left a big mess.
47,1,Get OUT of the EU. Italy vote to get the fuck out. The EU is destroying your country. Are there no private property laws for Italians who own property in Italy can the Italian Govt. just come in and take your private property and use it to house illegal immigrants??? This is all caused by Italy membership in the EU. Vote to LEAVE EU. You are living in an insane asylum. WAKE UP!!!
48,0,medical is free in italy
49,1,this was the most disgusting thing i have EVER seen! to come into a mans hotel like that and just take over is DISGUSTING! and to allow scum like those refugees to walk in Eww go home u scum
50,0,If this is real would take up arms against the Govt. Cheers from New Zealand.
51,1,proof that the government sucks these peoples dicks and give them anything they want I guarantee what's next they'll allow them to rape there daughters ...and after that the people of Italy will be force to switch to Islam or pay high consequences government will force this heed my words leave now !!!!!
52,0,He signed a contract with a backward government to house third world refugees. What did he think he was going to get? Disabled European war veterans?
53,0,If diversity is So Great why is it being FORCED DOWN THE THROAT OF THIS ITALIAN???
54,0,Not only the politicians are going into the wood chippers but also the police.
55,1,bastards. So you can't even own a property without the danger of government taking it..
56,1,if they forced me to let them I'd let them in and make a big pot of welcome soup... full of rat poison.... problem solved
57,0,Who's the slave now luigi
58,1,We need to bring back fascism and concentration camps so that we can properly deal with this rat infestation.
59,1,YOU HAS TO KILL ALL THESE GLOBALISTS AND POLITICIANS. RISE UP WITH MACHETE IN HANDS AND INVADE THE EU AND KILL THEM ALL.
60,0,This is how the Mafia began. The citizens got pushed too far and took matters into their own hands.
61,0,Pure example of a : goverment inside a goverment ! poor man!
62,0,Y'all need to chill. The word Alien isn't a racist term. It may offend you but it's not racist. He probably used the alien in his video because he didn't want to keep saying immigrant all the time. It's like writing one of those research papers in school you have to go use a thesaurus to find better words for your other words so you don't repeat yourself over and over. Would you rather him use the word outsider? Or incomer? On websites the term alien is the first synonym that pops up for immigrant because it's already widely used but is still a good term that you don't say in a conversation. Note: To all the people saying 'Trump will fix this' or 'Build a wall' That is not a good idea. We don't need to piss off any more countries.
63,0,im from venezuela and i want to be a canadian or american citezen be cose here in poor country our salary is 20 time lower then lower salary in canada for example is all about money. i dont care what u think about imagrant i dont care what u religion is i want just work and get a car a house. in my country i will spend 20 years to buy a car for example. and those people who say 'why u dont stay and made u country a rich country' nooooo idiot becasue your rich country made my country a poor country. my dream is go to canada or usa and work i donk know driven a taxi. why people is mad about imigrant? because you are ass lazy thas why bye. go immigrants .the world has no borders
64,0,Why do they even number these 1-16 when most are the same things i.e dash trunk etc
65,0,damn Daniel back at it again with the migration
66,0,hope Donald Trumo doesnt see this
67,0,bitch I'm proud to be Mexican IDC what anyone calls me
68,0,http://www.youtube.com/watch?v=nUzbZI_0p5g&amp;t=2m46s 2:46 why are you showing Rome Italy talking about Bali? that's Piazza di Spagna via Frattina is on the right.
69,0,dude like every title is the same. just like dont do titles when thats the case lol
70,0,Why does this video keeps reminding me of Donald Trump..?
71,0,Aliens..... thinks if aliens are real or not I thought aliens were fake o-o does that make us aliens? Since Americans are not allowed in some places?
72,0,These are all the same. How did they find them?
73,0,aliens really Mexicans are people too.
74,0,subscribe to have a good day! if you don't you'll have 10 years of bad luck
75,0,Aliens?!?!?
76,0,hdidng in a trunk WOWE!11 THATS CURRAYYYYZEYYYY!!!!!!!!!!!!
77,0,The men all go to the length to get the military uniforms and everything but all have the same last name. What the fuck?
78,0,I was hoping for some crazy shit not all the places in a car you can hide
79,0,LMBAllsO... Nice twist on the SAAAAame ole sht hella times
80,0,They deserve it
81,0,What has this country come to ? None of these people are accountable for their behaviour. How can you attack someone like that when his family are there . I genuinely believe karma will catch up with these savage beasts .
82,1,These sandniggers need to die!
83,1,Animals!!!!!!!!!!!!!!!!!
84,0,Where is this??
85,1,that stupid fat lady is in charge no wonder they got their country fucked.
86,1,Send the Savages back home!
87,0,This is why these people need to be deported. They can't attack people for not supporting their views.
88,1,he should have put some nigger brains on the pavement
89,1,He had a gun - why didn't he use it???
90,0,where's this
91,0,Maybe we should give them Sharia law. Impose it upon them ruthlessly. As they want to do to us.
92,0,Support hillary clinton if you want this happen to you
93,0,Teenage Afghan immigrant is arrested in Germany after the 19-year-old daughter of a senior EU official was raped and murdered while out jogging Maria Ladenburger was found in a river in Freiburg where she studied A single strand of hair was found and matched to the migrant suspect He was identified by a single strand of dyed-blond hair at the scene According to police he has confessed and will go to court next year It has stoked anger against Angela Merkel's open-door immigration policy Read more: http://www.dailymail.co.uk/news/article-3998478/Teenage-Afghan-immigrant-arrested-Germany-murder-medical-student.html#ixzz4RrtnxDPB http://www.dailymail.co.uk/news/article-3998478/Teenage-Afghan-immigrant-arrested-Germany-murder-medical-student.html#ixzz4RrtnxDPB Follow us: @MailOnline on Twitter | DailyMail on Facebook
94,1,The fat guy should have kept his rifle on him and as soon as one of those Muslim scum bag terrorist steps into his property Bang! Shoot that fucker in the head and say he was trespassing
95,0,The gun was a good idea I thought.
96,1,Fat white cunt
97,0,Does someone say 'nazi scum' at http://www.youtube.com/watch?v=WAeyOp_INUI&amp;t=1m09s 1:09 ??
98,1,They are not even Muslims you fucking liar
99,1,support from Bulgaria against muslim emigrants
100,0,Cars cars cars cars...
101,0,The 'Read Full Transcript Here' link does not send me to a site with the full transcript.
102,0,It wasn't the Chief Rabbi of israel it was a colonel-rabbit and not in official capacity. Also he didn't say it directly he just implied that it might not be forbidden by the Talmud. Not surprising since the source is 3000 years old. but Zizek misses all the nuance for shock effect.
103,0,Agree with what he's said. But what are the solutions to the problems he's pointed out? Migrants from different cultures won't place any legitimacy on progressive values if they are touted by Western liberals. The clear solution is to support a progressive version of Islam - a change from within their own communities - as opposed to the salafism that the West has indirectly advocated for in its support for dictatorships (in opposition to Arab nationalist democracy) in the Middle East (inb4 anyone pulls the 'blaming the West for everything' card we have to realise that blame goes in every direction and no direction - it lies as much (probably a bit more) in the policies of Arab royalty as it does in Western powerholders).
104,1,'Their way of life.' There should be no emphasis on this phrase what so ever. We abide to universal principles of human rights and law that is blind to the origins wealth race etc. and is designed to follow universal principles of right and wrong. These are not some 'western culture' specialties these are mankind achievements following the path of logic and instilling justice wherever they are applied. Common justice not some special 'western' justice. I object against the term 'western culture.' It is common culture that western countries managed to apply best! The second we make any compromise is the second we succumb to savages following primitive tribal law mixed with religion. They want to live in our society they must abide to its principles fully! The division is there not because we dont 'respect' their inferior culture (there should be no respect at all from our side we are not emigrating to their lands only mindless socialists can think that every savage from desert tent is culturally our equal) but because they dont respect our culture. The culture of the land they emigrated to! Any country following their notion of justice that is not floating on oil is a shithole!
105,0,this guy has a serious problem to express himself in a clear and straightforward way... he speaks a lot but most of the time without a meaning or objective to conclude his thoughts. and it is not a problem of his accent or just a intrinsic characteristic of philosophy...
106,0,I'm no expert on this topic but I've tried to learn some and I just have one question which is in Europe haven't all crimes been going up? like rape theft and beatings? and violence towards gays. The middle east has a very different set of 'do's and don't's' and they should have to abandon their old ways if they're to live in a place that doesn't have the same.
107,0,Good thinking Slavoj thanks for yet another explanation
108,0,http://www.youtube.com/watch?v=s5PigZzSAJo&amp;t=9m39s 9:39 - 'Only the poor countries are invaded by them [refugees].' I wonder if this was just a slip of the tongue...
109,0,PURE IDEOLOGY
110,0,
111,0,Well yes we're living in an age of transgression. Things that were unacceptable are tolerated these days. I believe it was Plato who said the majority of people aren't 'philosophical' and so are operating off 'base' appetites. With the internet these 'appetites' are more easily sated and so begins the downward spiral IE: You get access to more food so you eat until you're full. You need more food the next time to get full. Same goes with sexual fantasies (traditional gets boring might go into kinks (bondage furry DDLG diapers etc) and other 'materialistic' self-pleasuring things. It's not like this wasn't predicted. The only question remains is that how to we fix these decays of values so that it doesn't further transgress societies?
112,1,The West is going to be fucked up taking refugees from middle east. They fucked their countries and are going to fuck your countries.
113,0,To be fair Saudi Arabia has taken refugees though they have been very selective. and The IDF rabbi who said that (rape was non-criminal during war) did clarify that he meant it was something had historically taken place not something that was acceptable.
114,0,The second anyone tries to use guilt to agree to something you're uncomfortable with for example letting a million refugees into your country then you should understand you're being emotionally manipulated. This communist speaks in favor of refugees for all white eastern European countries except his own.
115,0,But you still ignored question why are they comming?. And another one why are they mostly male in military age?. Or maybe you did answer by saying muslim fundamentalism? Anyways great talk as always. Thank you guys.
116,0,Why does he always have a cold?
117,0,Yeah - - but wait - - this 'conspiracy theory' is concrete - I wouldn't even say it needs conspiracy or theory - it seems like a reasonable and accurate description of what is actually going on (with the one caveat that Soros is the money-man - it could be others like him or just him or him plus some other people) How is Soros funding BLM humanitarian? I see it as a way to use black Americans as tools to corrupt/undermine American democracy. A nearly perfect mirror of what is happening in Europe. You cannot tell me that if you know the definition of hijrah - that this immigration cannot be weaponized - and not violently even- through attrition and political/economic war - First Muslim mayor of London - completely bankrupt nations within the EU etc. No - the terrorists and the Jew do not even have to be in direct communication much less collusion - the Jew can use the Muslim as a useful idiot (in the same way the Muslims themselves use each other as useful idiots with the suicide bomber) The second blackmail is the 'condition of potentiality' for the first. If their were no bleeding heart liberals there would be no right wing response to Muslim immigration because it was the liberals that allowed the Muslims to come (with Merkel actively inviting them with almost no oversight or strings attached) Furthermore the liberals tend to be better educated and more wealthy than the conservatives - which to me means the liberals have had more time/exposure to the ideology of the Frankfurt school and the resulting philosophical position of Cultural Marxism which is all created by mostly Jews with the explicitly stated goal of trying again in a different way what had failed in USSR - namely the leveling of all people based on economic differences 'all people are economically speaking exactly equal' This failed - so the Frankfurt School thinkers (Jews) went to California and came up with the idea of Cultural Marxism in which all cultures are to be perceived as equal - meaning that some Brazilian rain forest tribes culture is equal to that of Japanese culture - and the final point - because the idea of 'race' is a creation of culture - and since all cultures are the same - Presto! all races are equal! But these are all lies of course because races create cultures cultures do not create races - and obviously some cultures are superior to other and by implication some races are better than others (this concept is Social Darwinism and it was the majority belief in the Second Reich leading into WW1 at the time that revolutions in Russian were establishing the (what would become) failed system of mankind being economically made equal. Hundreds of thousands? Ha! try several million! What about Somalis and Sudanese and Eritreans then - when was the last Western intervention there? Yeah but the thing is - all these big countries fucking the local farmer in the Middle East are also fucking the small farmer in their own countries. Yes but wasn't this situation in Congo almost exactly the same situation which the Portuguese slave-traders found in Africa so long ago? Did not local African warlords pick the Portuguese side and capture other tribes as slaves to sell to the Portuguese - has the situation changed that much? The potential of this situation would have existed if the Portuguese had never sailed to Africa. There are 30 million slaves in Africa RIGHT NOW and Saudi Arabia is one of the earliest and currently practicing slave-trading nations in the world. Yet Saudi Arabia takes no refugees from either Africa or Middle East - - how convenient - - that must mean that Europe is taking in Saudi-Arabias share of the refugees - - oh yes too Israel is no haven for African or Middle Eastern refugees - if the Israeli plot to send Muslims on to Europe then turning them down in Israel makes perfect sense - nothing to see here keep moving north. A huge chunk of Middle East refugees is being held in Turkey (3 million) - and the EU writes checks to Turkey in high amount and often in order to keep them there. And also I won't get into it now - do you know how many UN laws are by the time a Somali immigrant sets foot on Swedish soil? Yes there is Arab fault too! Think of it this way - - it would be as if on D-day whatever the amount of English/US soldiers who took the beaches - twice that many German refugees crossed into England - <del>and that number would increase more and more as the Allied forces enjoyed more and more success on the battlefield - - except even worse - - they are Muslims - - so much more difficult to assimilate. Also he is misusing the word Arab - - -not only are there Arabs there are also Turks and Persians (Iranians) and among these the major groups there are dozens and dozens of sub-groups both infighting and fighting each other. They are the only countries in the region who can afford to keep them out - it is precisely because they are wealthy that they have not taken refugees Why does he not mention the fact that Sweden is now the 'rape capitol of the world' He leaves out the most violent situations - - I think ultimately to shield the refugees from the damage they are doing to European culture - - I think that it must be obvious that the Muslims are having a much more deleterious effect on European culture than European culture is having on Muslim culture. Talking about the veil shit when there was a report from Germany about the father of a twelve year old German girl that was in a hotel room with 5 or so Muslim men who were in the act of raping her (again) as the German police arrested him in the lobby of the hotel. I don't remember what happened to the 5 Muslim guys - - but I do know they were not publicly hanged. The girl is now sterile. I do not rally care about an 'open public debate' about this rape case (among numerous others) it is by default something not to be discussed - Zizek even says the same thing about Holocaust deniers - - if you even allow them a place at the discussion table you have already lost</del> - such/people things disqualify themselves automatically from being conversible 10 or 20 years? How about the next election? There are so many things these Muslims have done that fit the bill of no discussion necessary - his idea of talking about it publicy (painfully) is already too late - - the open public debate should have been the one between the European politicians and the European public as to whether this level of immigration was condoned by the majority in any given nation which has been so horribly impacted by the immigration policy about which they were not able to participate in an open public discussion. After that debate never happened any subsequent ones are only farces of democratic decision. The liberals created a problem that only they can solve (or at least that is what they will say next election time) If WW1 was Imperialism turned back at Europe and WW2 was a vengeful addressing of grievances created by the West treating defeated Germany as a pseudo-imperialist territory then isn't also true that women's rights gay rights etc (identity politics) will one day in the West start deteriorating also as it becomes apparent that the West is engaged in a neo-colonial enterprise with its own citizens? Isn't neo-colonialism the economic exploitation of all potential 'workers' globally - and isn't a nation's own people to be lumped into the global - does the government of a people in late Capitalism not also neo-colonize them as well - at least eventually? Destroying local ways of life? Isn't that the fundamental reason Trump won? By recognizing the destruction of local ways of life in America due to globalism-late Capitalism- neo-colonialism?
118,0,You can't have a secular liberal society if you let in a bunch of religious authoritarians. Either the new comers will destroy everything or your society will lose its identity fighting them.
119,0,Ideology doesn't even have to be part of the discussion. The sheer number of illegal immigrants entering Europe imposes such a high cost on the European people that it is impractical to provide them with an adequate standard of living or for European governments to continue providing for their citizens.
120,1,Fuck every single muslim good or bad.
121,1,i like dead refugees on my shore
122,0,Your videos are good m8 but this one is poorly done...
123,0,'A Muslim continent is neither new nor reason to be afraid' whoa! Hold your horses there 'educational' video. Trying to persuade me with throw away statements that are clearly not true.
124,0,we need to ban religon and we can start with the most hated....
125,0,And then there was the Paris attacks and Bastille day.
126,0,Everything you said would only work in a perfect world. Alas the world is far from perfect. Turkey was a safe and beautiful nation that was known for tourism 5 years ago. It took in 3 million refugees and now there is an attack every other month. Look at the crime rates in Sweden and Germany before speaking.
127,0,this comment section is scary
128,0,or we can destroy ISIS and take the oil
129,0,You do realise that most of refugees come from turkey?
130,0,I love when ignorant Europeans love to cite the fact that the majority of the refugees are not from Syria as though this is some kind of fallacy in the argument for letting them come in.. The economies of a lot of north African/other Middle East states are shit and many of these people are simply economic refugees.. That part of the world is experiencing environmental stessors that are causing droughts which damage the land's carrying capacity and this obviously also affects the economy; all of this contributes to the people there wanting to move to literally greener pastures.. The history of the world is nothing but people migrating through time.. Modern Europe went through so much demographic shifts over the centuries.. This is nothing new.. The Huns apparently originated somewhere in or around Mongolia and began their westward trek after being oppressed by a rival ethnic group that came to power.. and so they decided to migrate thousands of miles to the west.. Undoubtedly I am sure their ethnic makeup changed during this travel as they picked up some and lost others before reaching Europe.. But still modern Europe USA and the world has been nothing but a melting pot of people on the move forever.. This xenophobia thing is an interesting illusion.. However I will defend that 'us vs them' mentality when there is a legitimate aggressor and oppressee(i guess that is how one would state that..). For example; the Inca revolt against the Conquistadors.. On another note.. well that is enough for now.. I could ramble on for hours on the nature of group identities in a world of shifting populations.. I'll write up a paper fleshing out my thoughts on the whole subject someday; all sides and viewpoints need to have their feet up to the fire so to speak..
131,0,I don't agree with tbe sentiment that all human life is worth the same. Humans within your own nation should come first. For example I absolutely hate how much we donate to othe countries when there are starving children right here in our neighborhoods. It sounds heartless and frankly it is but we must do everything to strengthen and preserve what others in our nation have lived and died for before we dedicate resources and time to those whom we have no ties to.
132,0,the fact of it is only a very tiny portion of the refugeees are from syria
133,0,biased as fuck
134,0,at moments like this where i know that wishful thinking is useless i wish i was a president of a country with economy strong enough to help out...also i am the last person to be a president considering my psychological state and other stuff but yeah...i feel so helpless right now ...
135,0,In reality it is way more complicated than stated in the video. We know how Kurgesagt makes that idea of 'we should strive for better'. Thing is words don't make actions. And you have forgotten how corrupted some of these countries are and Mostly Bulgaria as a Border country. So take that into consideration.
136,0,When will humanity stop being so dumb and unificate? there's only good things coming out of this if europe accepts the refugees not only what he said on the video but this would actually rise the diversiveness of cultures and inspire respect between them differently of the old people who usually supports people like trump or some random 12 year olds who just don't know any better.
137,1,I'm all for helping ppl but lets not build mosques we have enough problems with our religious nuts we don't need more
138,0,I live in Turkey And Turkey has 3 billion refugees and they are stayed at parks and they are not work and one syrian family has 10 member but they need help But Turkey is helpfull country i love my country
139,0,I am Jordanian and my country's population has gone up 25% due to refugee influx. To me it is sickening to see such countries refuse to host the refugees it is inhuman and cruel. To see that animal and pets and taken care of and given a shelter and kept warm fed while there are humans freezing and starving to death. What has this world become????!!
140,1,islam is the deadliest parasite on humanity.
141,1,Oh yes merkel letting a hoard of 7th century backward savages into Germany to mix with one the most civilized advanced peoples in the world that is definetly going to work
142,0,I will not let them into my country....Poor Germans..how they accepted ?
143,0,Weak Europeans are doing it to themselves and then they LL ask us to save them again just like in ww2
144,0,If these refugees come to China they won't survive.
145,1,Kick those bastards out and never to return. Cast out the islam!!!!!
146,1,Germany you can just hire 17 farmers from like North Carolina and give them shotguns and the refugees will be on their way home within a week.
147,0,German women need to carry guns like us American women.
148,1,To speak the truth is never racism no matter what anyone say? STAND UP FOR THE TRUTH OWN COUNTRY OWN PEOPLE AND KICK THE GARBAGE MUSLIM/NEGRO MALE OUT NOW!!! MEDIA AND MUSLIMS ARE COWARD FILTHY SUPER UGLY LIARS AND TRAITOR!!
149,1,fuck Muslims
150,0,Goodness gracious i'm from the Middle East and haven't seen that many ruffians in my life. Wake up Germany you need to fix this.
151,0,look how they are dressed they're not bum clothes they're wearing
152,1,Dumb ass liberals look at these refugees like they are their pets
153,1,If he didn't have that gun he would have been killed with that shovel yet he doesn't shoot the scum so they can kill the next white person they find. RIP France.
154,1,Come on you cowardly Frenchmen waste those motherfucker included gypsies and your motherland will be peaceful again. Fuck those hypocritical liberalists they are the spies of evils and crimes whose let those pests get into to your great country.
155,1,He shoulda shot every single one of them.
156,1,Muslim dumb ass
157,1,kill that shit head
158,0,Still the Frenchie ran away...like always.
159,1,That guy still would of lost with the gun if he got bum rushed
160,0,Fake title those are french gang against the police way before the immigrants wave. Idiot !
161,1,kill these parasites please.
162,1,this peoples are filty pigs islamics go home.
163,0,your president should be booted out of office immediately
164,0,sponsored by auping hahahahahahaa
165,0,Looks like the movie set of an apocalypse zombie movie. Fake shit and piss are too expensive we'll use the real stuff. So sad.
166,1,Jew world order and filthy third world Muslims.
167,0,This video was already debunked it is supposedly the aftermath of some festival.
168,0,they are turnin it into the middleeast and africa
169,0,Let them clean up after themself.
170,1,and this is why europe is getting more right winged with the years. we are tired of it. enough is enough. there will come a time that these raping basterds will be afraid
171,1,If they set foot in N.Ireland they won't know what hit them! We WILL join together and throw them into the Irish Sea. Fuck them all! Send them to scummy Saudi Arabia where they belong!
172,1,So a desire to maintain its cultural integrity is considered fachist? Give me a break. Islam is not a peaceful religion and it's taking over the world. We should all be frightened of the consequences of welcoming these hoodlums. Of course they want to come and take advantage of the handouts. Help the children by making peaceful assimilation mandatory. If they don't want to adopt the native culture then they should go to a predominately Islamic region that accepts those ideals. Ironically those are some of the most violent and unstable go figure.
173,1,Why are the libtards all boot fugly? The immigrants wouldn't look at them let alone rape them. Ughhh!!!
174,1,Refugee welcome them who support the parti have all faces ugly and old
175,0,The 'Read Full Transcript Here' link does not send me to a site with the full transcript.
176,1,i like dead refugees on my shore
177,0,Your videos are good m8 but this one is poorly done...
178,0,They should have put trump on here
179,0,The rude comments that some of these celebrities said about the LGBT community are unnecessary but not everyone has to support gay rights. No offense I have nothing against the LGBT community. But everyone has their own opinion everybody is so sensitive nowadays.
180,0,But caitlyn was a man so how is trans traditional (no diss to trans i fucking love ya all who are trans ya all are beautiful) xxx
181,0,UMMM Hillary Clinton was anti-gay marriage too. Typical libtards
182,1,Gays are dumb
183,1,gays suck
184,0,HAIR-ESS pls learn to pronounce words
185,1,Gay people should not have rights
186,0,Trump has his own hatefull ideology against the LGBT citizens :^)
187,1,All I know is the LGBT are human but I hope to God he will make you change your sick ass ways hopefully another soddom and ghomorra occurrence will happen amen
188,0,So many people forget we are AMERICANS!!! first
189,0,'I am proud of being a Republican' -Thiel 2016
190,1,Gay republicans are fucking morons
191,0,Trump has been for gay people's rights since the 80s. He was allowed to have that opinion because he wasn't a politician; whereas Clinton only started accepting LGBT like for the past 8 years when it was politically relevant. she is disgusting And doesn't believe in anything but herself
192,0,Come on people it is not confusing why must you act like you have no sense? There is such an easy distinction in who accepts homosexuals and who does not. From a worldly view point homosexuality should be legal and accepted because there is no distinction from homosexuality being right or wrong when you look at it from a worldly view. But at the same time looking at it from a worldly view there is no distinction of how others should love and accept everyone or accept what everyone else does. And actually as you homosexuals and supporters of homosexuals rage on about how religion is the problem actually religion is the only distinction in this thing where religion lays out right and wrong in a worldly view everyone has their on view and opinions and if you say 'In a worldly view you should just accept homosexuals' then you are still breaking in into forms of religion or maybe better said opinions if you think about it is'nt that for the most part what makes up a religion a group or collection of opinions formed into a thought process a way that the religion determines what is right and what is wrong? And then in I am just going to use Christianity for now. Christianity Does not support homosexuals (not true believing christians) and just like you are going to fight to say they are wrong they are going to fight to say you are wrong. And actually when you condem a christians beliefs and say that they are 'the bad ones' or they are wrong then you are doing exactly that condeming someone. Which is exactly what you insist they do not do. Here is the thing stop trying to force a religon to accept you it is not going to happen! it does not work like that Even if every human adopted your worldly values there would still be distinctions just like you have distinctions of your own for example who are you to tell an 18 year old that they are not allowed to drink alchol until they are 21 Who are you to make all of these other laws that oppress a people if you really think about it You fight to say every person should be able to have their own opinion and be able to act on that opinion and then still insist on oppressing others because you have an opinion about how their lives should be lived Well many people christian and worldly have an opinion about you and many think that it is disgusting for a man to put a dress on walk around trying to talk like a woman and then being sexually attracted to another man and acting on that attraction. And like I said it is not just a religion think people actually think that it is nasty. Just like you form your opinions on what is right and wrong. So it is and will be a battle of who believes most strongly in what.
193,0,alright i fuck with trump a little bit
194,1,I'm glad Mr. Trump hasn't anything against ass bandits who make this disgusting life choice. My brother is a mincer and we are sending him to bible camp for conversation therapy to make him normal again.
195,1,In America there are about ten million homogay-like people. North Korea want them all in its beautiful trenches of gulags. First in line to North Korea should be kim Kardashian Miley Cyrus gaga Britney Spears and other whores
196,0,love is love :)
197,0,what's wrong with humanlity ? why do guys not love women ? I'm a guy and love women . I'm proud of being a man and fuck women pussy !
198,0,'Gay rights'? Fuck off that doesn't exist Gays aren't a separate species or race. They have always had the right to marry it's called marriage which meant (if you look in a dictionary prior to 2010) the bonding between man and women. If they wanted to be bonded it should of been called something else heterosexual marriage is special symbolic and thousands of years old.
199,0,Who is making popcorn in the background?
200,0,I think that their should be lgbt rights. I don't think that lgbt people need special rights we need the same exact rights as everyone else.
201,0,You can dress like a woman but you're still a dude. I'm not calling you she or any other made up pronoun. Deal with it
202,0,THANKS DONALD TRUMP YOU ARE A MILLENIAL THINKER
203,0,If Trump supports gay rights then why is Jeff Sessions going to be the Attorney Journal? This is a complete contradiction.
204,0,he want all pop gay
205,1,'President Donald Trump!' Will stand and give an account!' 'For the life he lived!' gays! sinners! murderers! fornicators! abortionist! liars! workers of sin! workers of iniquities! And president Donald Trump! You Should Truly! Truly! fear my! 'Holy Father I Am!' Who's Able! To cast your sinful bodies and your sinful souls! Into hell and into the lake of fire !
206,1,Homophobia is just a fake word created by the extreme left to achieve their wicked agenda and vilify those who do not agree with them.
207,0,can't we just get rid of all the labels. Lets get rid of gender religion race and sexuality labels please. We are all just ordinary human beings. Us humans will never be equal with labels we will always be divided. Never being united we will only stand alone
208,0,if santa doesn't exist that means god doesn't exist
209,1,If you are gay I have a question for you? Are you pro gun and if not why not? If I were I would go strapped and 1st person that tried to make me the victim of a hate crime would end up the victim of a fatal shooting.
210,1,our world will only be peaceful once we get rid of all homophobic people. they are the cause of all the destruction and pain in the world through out history. they have done anything useful for society besides cause destruction. they need to be eliminated. if only our government can realize this.
211,0,Tell me that being gay is choice when in this day and age it is the equivalent to getting killed.
212,1,im totally against gays Obama had no right to allow these fags to manifest in our country if you wanna be gay get the hell out of this country!! we were a Christian Nation under God now we're an Abomination to God our country is no longer blessed by him this is why we're going to fall soon if I ever see a gay I will personally knock his ass out !
213,0,ok I AM SORRY FOR BEING GAY ITS NOT MY FAULT
214,1,Gays are way to pathetic to pick on. Poor small sexually driven gnats.
215,0,'Man shall not lie with man nor shall woman lie with woman.'
216,0,i felt horrible watching the ways that gay people have been treated over the course of history for being apart of the LGBTQ Community. i hit the like button because it is very educational in certain ways. i am gay and i am so happy i am living life while being accepted. being gay isnt who you are but it is a huge part of who you are. i think people need to relax and let people love and stop hating things that are different or against a belief. i dont believe in pedophilia or negative sexual behaviors; that is just something that some people stereotype gays with especially if they dont accept it. this video is like a wake up call to what it would be like if those who are accepted werent. i am glad i have never been beat up for being gay but yes i was bullied for it... sorry to ramble on but i had to get it off my chest... thanks.
217,0,This made me absolutely sick. I'm gay and love my life but for others their sexuality or gender can be a terrible curse. Why can't people just see everyone as humans because that's what we are
218,0,It's disgusting that people can harbour so much hate bc of someone's gender or sexuality
219,0,This made me cry sooooooo hard. But I am straight.
220,0,What I say to bigots: Natural Selection motherfuckers.
221,0,homophobia ;'-(
222,1,i hate homophobes
223,0,Cars cars cars cars...
224,0,If they hide in the engine they would get killed.That is a stupid way they can smuggle into another country
225,0,Why does this video keeps reminding me of Donald Trump..?
226,0,im from venezuela and i want to be a canadian or american citezen be cose here in poor country our salary is 20 time lower then lower salary in canada for example is all about money. i dont care what u think about imagrant i dont care what u religion is i want just work and get a car a house. in my country i will spend 20 years to buy a car for example. and those people who say 'why u dont stay and made u country a rich country' nooooo idiot becasue your rich country made my country a poor country. my dream is go to canada or usa and work i donk know driven a taxi. why people is mad about imigrant? because you are ass lazy thas why bye. go immigrants .the world has no borders
227,0,subscribe to have a good day! if you don't you'll have 10 years of bad luck
228,0,hope Donald Trumo doesnt see this
229,0,I was hoping for some crazy shit not all the places in a car you can hide
230,0,Rude*
231,1,Hitler was literally one of the most progressive leaders in the world during that time
232,0,Why is it the government's job to force a private business into providing goods or services?? If I owned a bakery I would not want to bake a nazi cake. If someone simply doesn't want to serve a cake how is it fair to have them fined thousands of dollars?
233,0,CDU would be considered liberal in the US.
234,0,Know what? I fucking admit it. I'm fucking into this yaoi shit. For those who are unfamiliar yaoi is.. guy-on-guy. Say what the fuck you want about me. I don't give a shit.
235,0,What research are u basing this off again?
236,0,Merkel's standing on gay marriage is simply a concession to the junior coalition partner of the CDU the even more conservative CSU.
237,0,Trump supporters. Vote for the Hill!
238,0,I think everyone needs to do it the way God wants I just don't understand why you would want to do it with the same sex. It will be more pleasurable if you do it the straight way any way
239,0,I myself don't like gays. But calling them faggots and killing them? Bigotry.
240,0,We Germans arent all liberal! Me and most people I know are patriotic and hate our current government!
241,0,Capitalism - free market discriminate against whoever you want at your PRIVATE business and they will not earn as much money and go out of business. The government has no right regulating PRIVATE businesses like that. As for the LGBTQ community I support LGBQ community the T stands for transgender which is a mental disorder known as gender dysphoria. Don't try and help a mental disorder thats why transgender suicide rates are way higher than other so called discriminated minorities (Gays blacks whatever you say are discriminated against even though they aren't.).
242,0,So I'm a lesbian and I live in Arkansas and it is fucking hard let me tell you. It's very rare that I feel safe going ANYWHERE with my girlfriend and sometimes when I go to pride parades or lgbt gatherings there are a TON of protesters. It hurts my heart to see so much hate on people like me and my friends who just want to have a good time a lead normal lives.
243,0,http://www.youtube.com/watch?v=5d667Bb_iYA&amp;t=10m39s 10:39 That lip biting tho. Dies cuz i can't take how hot that is
244,1,Homosexuality is a sexual perversion just like pedophilia is a sexual perversion. Both are disgusting
245,0,I really wish commentators would stop using terms like 'equal rights' to talk about gay marriage. It has nothing to do with equality and everything to do with social change. For example here in the UK prior to the passage of the law legalising same sex marriage in 2012 we had a system of parallel but essentially equal frameworks. Marriage was defined as being between a man and a woman but 'civil partnerships' existed that were essentially equal in terms of rights and benefits and could only be entered into by gay people. For those who compare this situation to US racial segregation look at your argument. Racial segregation was so unfair because the races were not 'separate but equal'. They were separate but unequal. As long as there is legal equality I do not see any issue of equality with a society democratically saying it wants to use one term for heterosexual relationships and another for same sex relationships.
246,0,Friends of mine that happen to be a married gay couple were shopping with their children at a Target here in AZ when they were confronted by an employee who asked them to refrain from kissing (she gave her wife what was basically a peck they weren't making out or being gratuitous) because Target is a 'family establishment'. What part of Two married women and their children doesn't constitute a family?
247,0,can you stop putting in those kissing scenes. Hate comments in 3...2...1
248,0,German government sigh
249,0,Im from germany and I dont even know why everybody hates people that are 'different'
250,0,Ricardo Corral-Venegas was a known rapist in Mexico ( former COP ) he entered the USA illegally and after living in Colorado for only three months he raped one woman and attemped to rape another ! How many people think it's ok we have no way of keeping the likes of Ricardo Corral-Venegas out of our Country ? If you think it's ok I would like to let Ricardo free to live in your neighborhoods.
251,0,I think this video is fake because REPORTERS cant tell them where the the migra is at that would be like helping them
252,0,What about the Canadians should we put a wall up there too?
253,0,interview was good whyd they have to stalk them... mustve been awkward for the family
254,0,Trump president will build a fence tall enough
255,0,Fucked up smh.
256,0,its the mexican goverment's fault we (am born in mexico) have practically an open border on the south of our nation and people from all over the world speacially central america and haiti cross that border and try to migrate to the states but those who cant make it stay in mexico its a real issue and on top of that you can buy a mexican citizenship so ive heard if we had a safe boarder demand our goverment to stop being greedy and corrupt we might have a decent nation and have a better migration relationship with the U.S like canada.
257,1,All I can see is an endless supply of soap and fertiliser.
258,0,They don't pay taxes and get food stamps and wic checks. They drive nice cars too. Meanwhile Americans are paying taxes and eating sandwiches just to get by. Not fair!!!
259,0,God please let them get to their destination safe be with them protect them help them I pray for you people everyday every-night they want a better life who doesn't they are trying to give a better life to their children
260,0,I feel for them its a hard journey:(
261,0,if you know history...all of the north american continent was already populated by natives (mexicans native americans and all kinds of brown skin people) so who really is the 'immigrant' ...ignorance is what america is founded on.
262,0,just listen yeah it's sad there poor and what not but America isn't stable enough to help them people out if America can barley help their own people what makes you think they can help these illegals that's why trump wants these illegals out they don't pay taxes and drain tax payers money if America gets rid of the majority of these illegals and strengthen it's country then it will be able to help them out
263,0,it takes lots of time money lots more my x is el salvador
264,0,LETS BUILD A WALL
265,0,LETS BUILD A WALL
266,0,I wish people could understand how hard his is were not bad people like we are portrayed we are trying to find better lives just like all your ancestors did but of course this world is full of ignorance AN no one will get it but just judge we come to work make money send to our families and find better education not trying to hurt anyone
267,0,Thank goodness Trump is going to enforce existing immigration laws this will make a huge difference
268,0,There's so many of them. This is not fair for those who actually work hard to get the citizenship the right way.
269,1,The hell with Donald trump and his hypocrite selfish racist supporters. These are just human beings looking for a better life just like everyone did in the past and before you come at me with the illegal immigration garbage argument let me tell you that is bs. I can tell you the history and believe me you don't want to know the ugly truth. I'm really sick of these morons promoting negativity and hate on undocumented people when they have no fundamentals to base their facts on. And againg before you come at me with all that garbage arguments about stealing jobs leeching on the government and a threat to the so called America let me tell you that is bs as well. There's something far more wicked going on about this whole negative hate propaganda garbage on undocumented immigrants.
270,0,Obama is a traitor to this country his policies have put Americans at great risk. He has weakened this nation under his watch.
271,0,Magic word's; borders language culture.
272,0,This is the kind of Leftist policy that drove Americans to Trump.
273,0,Why for the love of God would you be so stupid and wreckless to actually tell people (illegals) exactly what to say on National television.
274,0,Wow so terrorist can just get in free of charge with a magic word???
275,0,They shouldn't be allowed in to the US
276,0,<a rel=nofollow class=ot-hashtag href=https://plus.google.com/s/%23ThanksObama>#ThanksObama
277,1,deportation is to good for them I say beat the dog shit out of them drag them by they hair and beat them some more before they get that free ride back to they land
278,1,these racist pig's. are trying to use that excuse to come in and start tearing our family apart. President Obama!! save as many as you can. please!!
279,0,If you look at the stats for cash seizures carried out by cops that is those cases where cops simply confiscate cash from traffic stops etc. you can see that the majority of the seizures occur in New York Chicago and various places in California... Maybe there is a connection between this and the sheriffs and mayors of these places 'love' of sanctuary cities?
280,0,Just saw a video obama before he leaves has let 40 000 illegals in every Month
281,0,charge them with aiding and abeding
282,0,Illegal immigrant = criminal invader. The main reason there is not active enforcement is PROFIT. Tyson Chicken hires mostly illegals and thus can pay below minimum wage and not pay FICA matching and they can avoid paying unemployment insurance taxes. Just one of many companies actively abusing illegal aliens and committing fraud. Corrupt career politicians are getting kickbacks to ensure that ICE holds raids just in time to prevent these companies from having to hand out paychecks. Its just a VERY LONG series of organized crimes. PROSECUTE THE EMPLOYERS AND THE CORRUPTION IN CONGRESS Then there wont be illegal jobs for illegal aliens and they will go home.
283,0,pls usa pipos.. take me pls cityzen yess ..studi not..green noh.. blue..canada south america..all day everyday dont leave me..pls some hit pls lowest tiny 1weeky by the 7k abouts..
284,1,BUILD THE DAMN WALL NOW. DEPORT ALL ILLEGALS. Not that difficult. We can start building that wall Tonight! I'm not far from a home depot...they have concrete on sale 1/2 off...let go people! lol
285,0,There not about protecting our citizens or protecting the illegals but are about protecting the employers who want the cheap labor.
286,1,Your Fired You anti American.
287,0,If you like helping undoc slave masters and traders than sanctuary cities are your thing!
288,1,# PACKURBAGS
289,1,They are here ILLEGALLY! Where is the argument? STOP arguing when there is NO Argument! TAKE away the ILLEGAL issue of Driver's Licence's ! The Gimmick Democrats pulled out their Ass that gives them a technical residency status.They are not CITIZENS!
290,1,Emanuel is a Turd criminal murderer! Mexicans are a threat to AMERICANS in Dozens of ways!
291,0,Mexico built a wall against its southern border that ok. America wants a wall that is considered racist and wrong. If I cross into Mexico I will immediately get deported . America wants deportations but many considered that cruel and racist. Mexico won't give federal spending to illegal immigrants . America has been giving illegal immigrants free food money healthcare education and even a free escalade Cadillac. Sanctuary cities don't enforce laws of illegal immigrants they commit murder rape and other crimes get arrested then released the next day . While u.s. Citizens most likely serve the time for these crimes. This country is getting robbed blind wake up people.
292,0,demorats are corrpt just don't of the usa.
293,0,Illegal immigrants aren't above the law! send EVERY illegal back to wait their turn!
294,0,Let me get this strait. What illegal immigrants are protesting is that Trump will have a more conservative policy about the border Which would mean Hispanics couldn't cross the border to escape a country that is run by racist white misogynist men....Right? I mean that's what we are all told is the worst thing on the planet today is a Government run by white males!! Illegal immigrants must be fleeing FROM THAT!! Right? Because what illegal immigrants Really want to escape to is a county with a Hispanic run government a Hispanic majority Hispanic traditions and * an hourly wage of 31 pesos ($2.43). * http://www.reuters.com/article/us-mexico-economy-analysis-id. http://www.reuters.com/article/us-mexico-economy-analysis-id. ..
295,0,END DACA DAY ONE!
296,0,And where was the Outcry from these Hypocrites when Obama deported 2.7 Million Illegal Immigrants?
297,0,Gross they were all packed in that truck. Haha jeesh!
298,0,That's sad the rightful owners of this continent degraded this way white man just came over a fucked up their whole way of life and introduced a new way of life they weren't ready for.
299,0,the border patrol agent talks to them like dogs ..
300,0,oh lord they were deep in there.
301,1,Just toss a grenade in and close the door
302,0,Imagine to horror if all the people had died. And the charges the drive of the semi truck would have faced. How could he have lived with him self
303,0,Oh my god there are children too. God help us all. Why won't the Mexican government help these poor people
304,1,I'd like to see the economies collapse so it be funny to see everyone no matter what race crawling like rats. It will put everything into perspective.
305,0,We need the wall fast
306,0,that sucks they just want a better life for their kids
307,0,so were they immigrants or were they being trafficked?
308,0,OUT! OUT! OUT!!!
309,0,according to potters story .. he said he had no idea that he was driving a truck full of illegal citizens until he park the truck at that truck stop to buy some snacks and drinks...on his way back to the truck that is when he notice liquid pouring out of the back of the trailer... that is when he open the door of the trailer a few illegals got out and ran away while the others stayed in the truck..... some one at the truck stop seen that and called the police ... the police arrived thus as we see the rest of the video ...Im glad that the people in the truck has been rescued ....I don't think potter is the culprit here...he said.. he just a struggling American truck driver looking for a job and was hired to driver the truck...he found the ad for the job on Craig list ....he said that didn't ask questions to the people that hired him... he said he feared if he did ..he wouldn't get the job...
310,1,All they're going to do is come here collect food and welfare checks have millions of babies that will grow up to ghetto disrespectful little shits then the process repeats= more fat ugly poor hygiene women fat kids that do drugs and are racist towards whites
311,1,Disgusting smelly fat pigs
312,0,They deep .
313,0,Wtf.. Hurry and build that wall
314,0,https://youtu.be/XgZVmyYKe00 https://youtu.be/XgZVmyYKe00 VIVA MEXICO
315,0,Beans
316,0,More illegal aliens means more Ghetto population fucked up education more grafitti! These mother fuckers are the root cause why most citys look like shit!
317,0,Dude this is fucking racist for sure. I challenge you to go to a Chicago gang stret with a kkk custome to see if you come alive because what you are doing is the same bro.
318,0,Are you stupid or dumb? Which one is it? Impersonating a public servant is a felony
319,0,This video is hilarious but can you just run after people and pretend to detain them and grab them? That HAS to be illegal. What the fuck? What law allows that???
320,1,typical southern redneck lmao
321,1,fuckin lazy fatass learn how to shove a dick up your ass and run faster dam looken wannabes uncle buck
322,0,That's fucked up not even funny
323,0,Is this legal
324,0,http://www.youtube.com/watch?v=JB14HnJQ7BU&amp;t=2m25s 2:25 cadddro
325,0,http://www.youtube.com/watch?v=JB14HnJQ7BU&amp;t=3m05s 3:05 looking a Seal out of Water get you Cadro!
326,1,Your way to fat to chase illegals!
327,0,WETHER ITS A PRANK OR NOT WOULD U LIKE FOR UR KIDS OR FAMILLY MEMBER BE TREATED LIKE THAT LIKE ANIMALS I DONT I HOPE U COME ACROSS ONE OF MY FAMILY MEMBERS AND ORANK THEM LIKE THAT WILL SEE WHAT HAPPENSTO U THEN OR ANY OF U EHO THINKS THIS ITS OK TO DO ANY OF THOSE GUYS COULD HAVE GOTTEN HURT REAL BAD OR CAUSES AND ACCIDENT BECAUSE OF UR STUPITY WOULD IT STILL BE A PRANK THEN OR A FELONY WICH ONE ITS IT AND U CALL AMERICA THE LAND OF THE FREEE MORE LIKE THE LAND OF THE RACIST COME TO FLORIDA AND PULL A PRANK LIKE THAT AND WILL SEE WHAT HAPPENS THEN
328,1,lol it would of been funnirr if u actually get shot lmao make partt two bro i wanna see if u get shot
329,0,You went way to far with this
330,1,You stupid son of a bitch I hope your dumb ass gets in some type of trouble you thought shit like this was funny stupid asshole like you are what's ruining this country go to hell
331,1,the fat wanna be pig screaming immigrations immigrations....get a job fat white man.
332,0,I'm all for deporting illegals but this wasn't funny. They had their paper; it was just wrong.
333,0,Hahaha they got you fucken moron keep on doing pranks on my fella Mexican their gonna kick your ass
334,0,youre being racist and thats illigal to you beter stop eating rids or youre going to have a heart attack
335,0,you olmost got shot ignorant next time you migth not be that lucky
336,0,What a jerk.
337,0,People are the problem here... not the religion
338,1,Islam condones murder of innocents. simple as that. It's pure evil
339,0,an secret non-identified religion organization is editing the history and Islam image with their tools like tv internet books some paid scholar who pushed to spread the bullshit theory in a book war funding al-qaeda isis bla bla bla and human rights.
340,0,AND HOW THE FUCK DO YOU KNOW MORE THAN ME ABOUT ISLAM AND MUSLIMS YOU ARE NOT A MUSLIM BUT I AM!!!!
341,0,you should talk slowly
342,0,Big daddy God is a belief of the past and for those who are happy to be manipulated just so they can feel secure.
343,0,In the name of Allah Azza wa Jalla I want to cry when I read the comments... why are these people have so much hatred towards Islam? What did Islam do to them? And if not why are they have so much negative thoughts towards Islam? As a Muslim (Please have a noteable difference for Muslim and/or Muslimah) I really want to say 'Good work on your video for have a positive side and educating' but my heart feels pain everytime I read replies or comments... Seriously... I hate to say this but if anyone have a religion does your religion say 'Don't commit bad things' although we Human can't avoid them at least with your fingers and thoughts? Really... it's very upsetting...
344,0,- Quran ( http://www.youtube.com/watch?v=5AkAGc5nOXw&amp;t=2m19s 2:19 1) 'Kill them [the infidels] wherever you find them.' - Quran (9:5) ' Then when the Sacred Months have passed then kill the Mushrikun wherever you find them' - Quran (45:4) 'When you meet those who disbelieve smite at their necks till you have killed and wounded many of them then take them as captives' - Quran ( http://www.youtube.com/watch?v=5AkAGc5nOXw&amp;t=9m12s 9:12 3) 'O you who believe! Fight those of the disbelievers who are close to you and let them find harshness in you' ... the religion of peace everybody.
345,0,Core ideas from Torah Talmuds Bible and ZenAvesta copied and manipulated to make a new religion. He is a false prophet as proved in the book 'Hagarism' by Patricia Crone
346,0,WHO BELIEVE IN ISLAM BECUZ WE ARE GROWING EVERYDAY Y KNOW
347,0,very good
348,0,I actually just left the Muslim faith this week. If anyone is interested shoot me message and I can give you some pointers.
349,0,U mean help only the poor muslims and not others.We are all humans lol.
350,0,allahu akbar
351,1,Fuck these white cave half human inbred bastards. Black man of America it is time to get a National Defense Militia to defend our people from these evil Crackka ass bastards. And also defend our selves from these Niggas that kill our own people. And all these other puppet coon ass Niggas and sell out bed wench's that serve these damm devil ass Crackkas. Black man prepare for War.
352,0,sir send all videos link for paper 1
353,0,What about State Terror like Israel?
354,0,fantastic lectures sir plz upload world war1 and world part2
355,0,Where is March 11th?
356,0,can you explain joke at very early in this video?
357,0,Thank u so Much it's a blessing for students of I.R....
358,1,America and Britain are the real terrorists they've killed 100's of millions of people all over the world.
359,0,they are targeted by microwave energy or tortured
360,0,sir your lecture is super it gave so most knowledge
361,0,The worst terrorist attacks in history would fill 3 10 minute videos and they would all be in the middle east bar 9/11 at the top.
362,0,Hhhhhhhhhhh
363,0,jefferson parish has been more racist than orleans parish for years... jefferson parish needed the reform more than orleans and the feds are down here doing nothing but helping these racist pigs get away with murder... fuck newell norman and his klan fam... i know where his mama stay... we been know they are a racist family but they are trying the new racist 'subtle' approach since Obama been in office. I've had the same dream/vision of an all white Jefferson parish police squad wearing all black tactical gear walking up ames blvd killing every black person they saw. as i ran and tried to warn others i found no one to tell and as they caught me and right before they attempted to kill me i woke up.... but everyone that i tried to tell this to thinks im crazy... the same dream??? twice??? seemed like a warning to me
364,0,False Flags
365,1,Terrorism = Islam
366,0,Very sensible and unbiased lecture....salute you sir !
367,0,Has anyone noticed most of these attacks are in September?
368,1,white people r the worst inhuman beings that ever walked the earth
369,1,ready for any terror attack in USA armed and. ready to fight got my trusty ruger ar15 and my shotgun and any weapon I own rip who lost there live in there
370,0,sandip sir u r really nice teacher
371,0,What about US attack on Japanese cities with Nuclear bombs? How do u forget to add that?
372,0,Another important factor is origin of the word I think. Terror as it comes from Latin means something like fear fright horror and spreading fear to gain or maintain power and control is a very crucial character of both terrorists and terror-regimes.
373,1,Racists=Black People
374,0,dude ran his mouth dont matter the skin color he should have got knocked out. from the front this back shit i don't agree thats a sucker punch
375,1,just for fun let's all us white people stop buying into anything involving black people. If it's music don't buy it. If it's sports don't watch it. If it's a t.v. show movie comedy jam special or anything of the sort turn it off. They hate us they have since forever just Google the Barbary slave trade and you'll see we were slaves for over 2 centuries in africa. Before they were slaves here. A white boycott on blacks would be a fun thing to experiment with I think.
376,0,She needs to get a life!
377,1,we were pioneers when your ancestors built mud hut you stupid ape
378,0,Black people cant be racist. End of discussion.
379,0,course it goes both ways I'm Irish and white but my family and ancestors got treated like black ppl in America there used to be signs No Digs No Irish No blacks but still being white and reporting a racial attack would be laughed at so it doesn't get spoken about either cos sometimes I've been embarrassed to be white even though my family endured the same suffering we got to leave it in past so many of us get on great there's a minority that ate still fighting or getting brought up with old ideas and beliefs I had a teen tell me the kkk have nothing against black ppl or Jews? kids these days don't know what type of person they are or how to respect themselves before anyone else.
380,1,fucking savage monkeys
381,1,sad but true black people are this stupid and nieve good video andy
382,0,I love it when black people say they can't be racist and try to dodge the fact simply based on color. Anyone can be racist I don't care if you're white black pink purple or James P Sullivan you can be racist.
383,0,that is the family dollar by my house omg!!!!
384,1,Look at all the cowardly whites sitting around taking that. They should have beat that younger black guy down. Bunch of cowards.
385,0,All lives matter. Why is the world like this? Why is there so much hate?
386,0,I see the logic of the Argument ...yet my question is if Nubians can be racist then does that make those who commit violence in the name of Racism; Racist Terrorist? I ask because...throughout history I see many examples of Murder/Bombings / Lynching / Castration /Slavery coming from only one segment of our American population. Wierder still many of these cases with little to no repercussions for said action and it seems to originate from one segment of the American population shouldn't that segment be considered racist terrorist then? Let's be clear there is only one population (in America) who kills out of the hatred of race.
387,1,Look at the black lives matter movement 'We Want Dead Cops' 'He white beat him up' 'Kill your white babies'
388,0,NOTHING HAPPENS IN THIS VIDEO!!!!!!!!!!!!!! Knuckle sandwich means punch. There in no fucking punch in this video!!
389,1,lololololollolollol...would have followed her out the door then beat the fuck out of her...skin color don't matter when you acting like a retard.
390,1,looking at the slavery question there is one thing that cannot be disputed it get shit done - look at the fucking pyramids.. its a horrible thing to do to a human being but guess what there were many Pharos of Egypt that were black and they too had slaves :) eat shit you racist fucking cunt XD
391,0,Majority Islamic countries ( Indonesia Pakistan Egypt Bangladesh Iran Turkey Iraq Somalia Syria Yemen Senegal Palestine Niger Libya Mali Jordan Algeria ) are some of the most backward primitive hellholes in the world. They are examples of how Allah rewards his followers. Whereas countries with less than 5% Muslims ( USA UK Australia Canada Norway Switzerland Japan Netherlands Denmark ) have a high standard of living and are far more advanced in every way.
392,1,I know islam. but I don't have to know or understand something that's bad for me. I can look at islam and I know that it's evil.
393,0,HEY WHATS UP GUYS ITS JOEY SHALEDS
394,0,Cars cars cars cars...
395,0,Cars cars cars cars...
396,0,Happy Valentines Day everyone!!!!!!! It's heart month what is the condition of your heart? Jer. 17:9 'The heart is deceitful above all things and desperately wicked: who can know it? I the LORD search the heart I try the reins even to give every man according to his ways and according to the fruit of his doings.' 1 Kings http://www.youtube.com/watch?v=C3I9CwMcPfs&amp;t=8m58s>8:58 'That he may incline our hearts unto Him to walk in all His ways and to keep His commandments and His statutes and His judgements which He commanded our fathers.' Joel http://www.youtube.com/watch?v=C3I9CwMcPfs&amp;t=2m12s>2:12 13 'Therefore also now saith the LORD turn ye even to me with all your heart and with fasting and with weeping and with mourning: And rend you heart and not your garments and turn unto the LORD your God: for he is gracious and merciful slow to anger and of great kindness and repenteth him of the evil.' 2 Thes. 3:5 'And the Lord direct your hearts into the love of God and into the patient waiting for Christ.'
397,0,Happy Valentines Day everyone!!!!!!! It's heart month what is the condition of your heart? Jer. 17:9 'The heart is deceitful above all things and desperately wicked: who can know it? I the LORD search the heart I try the reins even to give every man according to his ways and according to the fruit of his doings.' 1 Kings http://www.youtube.com/watch?v=C3I9CwMcPfs&amp;t=8m58s>8:58 'That he may incline our hearts unto Him to walk in all His ways and to keep His commandments and His statutes and His judgements which He commanded our fathers.' Joel http://www.youtube.com/watch?v=C3I9CwMcPfs&amp;t=2m12s>2:12 13 'Therefore also now saith the LORD turn ye even to me with all your heart and with fasting and with weeping and with mourning: And rend you heart and not your garments and turn unto the LORD your God: for he is gracious and merciful slow to anger and of great kindness and repenteth him of the evil.' 2 Thes. 3:5 'And the Lord direct your hearts into the love of God and into the patient waiting for Christ.'
398,1,fuck ya about fucking time fake news !!! kills my family member and somehow he's tearing Familiys apart .. fuck u
399,0,wow 8 to 9 million. Barack Obama's deportation numbers were inflated by using turnarounds as deportations most intelligent people who are in the deportation and understanding deportation know this for a fact
400,0,No mames mucha razon
401,0,May Allah make it easy. Ameen!
402,0,need subtitle please if you can then do .. allah will solve your problem
403,0,Whatever muslim country you go to either the people either live substandard or they subsist.
404,0,trump has been declared 'mentally ill' by 5 senior psychiatrists within the white house...
405,1,i know you explain the history and it's seem like you do it for the kids you skipped the name of tax the dirty tactics he used to win but war is all fair to be fair skipped the fact that anybody other then Muslim is filthy the fact if you did not pay the game well you would be killed. i love how you said lies like that the quran says that religion must not be an act of compulsion then continue to says people who converted paid less tax what a play on words.
406,1,where is Mumbai attack u fucking assholes
407,0,if Trump is in trouble. you know who to call..... The A Team.
408,0,I think it's highly disrespectful that Trump thinks that he is a dictator and he forgot about the 9th Circuit Court he forgot that there are people above him he think that he is a dictator this is the thing about the president he is off face he doesn't write laws he signs laws and that's about a month and that is what people were so angry about Obama using all this executive power the way that are branches supposed to work is Congress rights laws and the present either signs them or Vito's that he doesn't take executive order to make a travel ban he's not supposed to and that's where the 9th Circuit Court stepped in and I highly agree you don't write laws you don't make laws the president of the United States are signs or vetoes it is Congress that rights laws that congress do their job and let you just sit there and smile and sign awake and stop trying to be a dictator get the hell out because if he keeps this b* **** up he's going to get himself impeached which trust me that should have already happened
409,0,Maybe we will now have FAIR elections in our own country!
410,0,Thats a good way to put it ' Sanity Has Spoken ' and i agree President Trump knows what he is doing...i think he is the smartest and most sincere president in modern history
411,0,GOD BLESS PRESIDENT TRUMP HE IS MY PRESIDENT.GO TRUMP BUILD THAT WALL AND MAGA
412,0,Lol
413,1,The LGBT community is fucked. Nothing wrong with being homosexual but wanting to change your gender is mental illness.
414,0,I love how nobody has seen Donald Drumpf coming. Just like he didn't see those Russian Prostitutes
415,0,What determines a person's sex: A biological body part (the one you are born with) or sexual preference? one is a lie and the other one is truth.
416,1,How about you get real with your fake fucking selves and tell the truth that the normal minded society are the ones being discriminated against you pieces of pig shit! I can't stand fake fucking cowards who lie constantly and too much of a bitch to be honest.
417,0,Didn't Jesus say 'love thy gay neighbour'?
418,0,Can someone please explain the 'Our Lady of Perpetual Exemption' joke? I feel left out!
419,0,May I just say: I wish for the peace between a majority of lgtb and hetro communities so.
420,1,You should be allowed to be gay. You should also be allowed to hate gay people. That's freedom; I can be myself and people can hate me for it. I believe it is my full right to jack off to Chris Hemsworth and I believe it is a business's right to not serve me for that. It might not be 'right' but its fair and freedom doesn't discriminate on ethics.
421,0,Caroline's Cakes in Annapolis MD does gay wedding cakes because they don't want to turn down money. But damn. I used to work there and I remember the co-owner once saying (on the topic of the Denver bakery) 'Here's an idea: you're forced to make a cake why don't you poison it?' The other (main) owner once said we should do a promotion of the rainbow cake we carried because Target's pro-gay ads were met with people vowing to shop at Target. Oh and a really sweet kid wanted a Broadway themed 12th birthday cake and behind closed doors the co-owner who wants to poison gay wedding cakes called him a faggot. Boycott that place. Oprah endorses them don't listen to it.
422,1,beeing gay is anti human
423,0,why push for gay when the population number is going down
424,0,Fun Fact: Trump has promised to sign the 'First Amendment Defense Act' (FADA) which is an anti-anti-discrimination bill. Dark days loom ahead.
425,1,incoming racist people
426,0,This is so scary! Just listen to the music!
427,0,He sent out this inflammatory memo to weed out the leaker!!! He knew the immigration narrative is polarizing and he needed something that the media would take the bait. And they did. Now they are fixing the leaking issues and liberals fell for it...again!!!!
428,1,Rednecks here's the reality: There are 55 million LEGAL Latinos here. With so called 10 million 'undocumented' there are 65 million. There will still be 55 million of us and we will still be the majority by 2044 (Census) even if you kick out the 10 mil! Deal with it strawchewers! Take a Spanish course! LMAO! Besides we're genetically superior anyway! ROFLMAO! XD VIVA LA RAZA!!
429,0,So fake oh jesus why he like to do that fake stuff gabage news
430,0,and you people more support kosovo and albania 50% terrorist comming of this countries
431,0,7/7 and IRA bombings?
432,0,Absolutely pathetic list. NONE of the major slaughter of innocents mentioned.
433,0,September is a fucked up month with all these terrorist attacks
434,0,I don't get why you would do this? It's fucked up!
435,1,You know what I'm racist and let's just ban Islams in catholic nations maybe that could decrease the terrorist attacks
436,0,September totally the worst month ever.
437,1,sons of bitches
438,1,they are all fucking assholes
439,0,I'm honestly still entertained by the fact that the iPhone 7 ended up having the entire headphone jack removed...
440,0,What is it with the South and being anti- progressive?
441,0,So you're saying the government should force businesses to make certain decisions even against their will? You're saying that the alternative of taking your business to more open-minded people (giving the closeminded people less money) is bad and immoral?? The beauty of capitalism is that the free market regulates these things: if you don't cater to homosexuals you will get less money!!
442,0,In other words can't have your cake and eat it too
443,0,In nearly EVERY state in the union you can be fired for completely arbitrary reasons because they are 'at will hire/fire' states. Meaning so long as the terminated employee cannot prove that it was done solely on the guise of sexual based discrimination (good fucking luck there) it doesn't matter what the reason is. It's part of the reason why capitalism favors the wealthy / authority / people in charge.
444,0,Agreed with most with what he said until he stated that business's have to accommodate gay people. Business owners are allowed to refuse any one they want.
445,0,This is why the American people don't trust the media and I couldn't agree more with President Trump. This is false news at its best now please report the facts please otherwise please be quiet.
446,0,in California illegals are allowed to vote
447,0,Trump: if its not in my favor FAKE NEWS Trump supporters: if its not in our favor FAKE NEWS Good argument...
448,0,we need to round up the congressional black coupe so that we can finally fix the inner cities. they are the reason the inner cities are the way they are
449,0,That's as natural as it gets.
450,0,In cri vel
451,1,JAPAN ONLY REJECTED 99%? THEY SHOULD REJECT ALL THOSE MOTHER FUCKERS.
452,1,This guy is a politically correct STUPID hack IF it was only syrians going in THEN it would be good since most syrians are mostly as he described the 'refugees' the problem is that an absolute FUCKTON of economic migrants who want to do nothing but get pensions and exploit the welfare states in Europe MASSIVELY outnumber the REAL refugees over 80% of the people being taken in are economic migrants from places as far away as MOROCCO and AFGHANISTAN NOT legitimate refugees plus a VERY large portion of them and by them I mean the economic migrants are radicalised muslims legit jihadis or straight up criminals welfare in Europe is also so good as well that many of these migrants don't need to work plus when they choose to commit crimes and mass rapes like Cologne Germany or riot European men are EXTREMELY feminised or screwed over by their own women or the feminist governments that they either WON't or straight up CAN'T protect their women and just add that weapons are pretty much ILLEGAL in Europe that's why they don't want more 'refugees' and people like Donald Trump want to place TEMPORARY bans on immigration from countries like Syria we can't vet them and a lot of them are freeloaders and either criminal or jihadi scum
453,0,i love this video
